,"TABLE 7. NUTRITION: NEWBORNS, INFANTS AND YOUNG CHILDREN",,,,,,,,,,,,,,,,,,,,,,,,,,,,,,,,,
,,,,,,,,,,,,,,,,,,,,,,,,,,,,,,,,,,
,Countries and areas,Weight at birth,,,,"Infant and Young Child Feeding (0-23 months)
2013?2018*",,,,,,,,,,,,,,,,,,,,,,,,,,,,
,,"Low birthweight
(%)
2015",,"Unweighed at birth
(%)
2010?2018*",,"Early
initiation
of breastfeeding
(%)",,"Exclusive
breastfeeding
(<6 months) 
(%)",,"Introduction
to solid,
semi-solid or
soft foods 
(6?8 months)
(%)",,"Continued breastfeeding 
(12?23 months) 
(%)",,,,,,"Minimum diet diversity 
(6?23 months)
(%)",,"Minimum meal frequency 
(6?23 months)
(%)",,"Minimum acceptable diet 
(6?23 months)
(%)",,"Zero vegetable or fruit consumption (6?23 months)
(%)",,,,,,,,,,
,,,,,,,,,,,,All children,,"Poorest 
20%",,"Richest 
20%",,,,,,,,,,,,,,,,,,
,,,,,,,,,,,,,,,,,,,,,,,,,,,,,,,,,,
,,,,,,,,,,,,,,,,,,,,,,,,,,,,,,,,,,
,Afghanistan,NA,0,0.86268371,0,0.628,,0.575,,0.60994328,,0.73801537,,0.8009494,,0.69562843,,0.22058596,,0.51212353,,0.15494375,,0.58570599,,,,,,,,,,
,Albania,0.045878301,0,0.131673318,0,0.56522095,,0.36538513,,0.88508522,,0.4320668,,0.38172195,,0.36576694,,0.52498512,,0.51405811,,0.29240223,,0.25735647,,,,,,,,,,
,Algeria,0.07252492,0,0.11427053,0,0.35710793,x,0.25391212,x,0.77177223,x,0.35542862,x,0.35312801,x,0.33572384,x,NA,,0.52048649,x,NA,,NA,,,,,,,,,,
,Andorra,0.074454055,0,0.143,0,NA,,NA,,NA,,NA,,NA,,NA,,NA,,NA,,NA,,NA,,,,,,,,,,
,Angola,0.15256593,0,0.448022664,0,0.48316441,,0.37381931,,0.78769455,,0.66567772,,0.74361542,,0.52595783,,0.29069233,,0.32769455,,0.13263435,,0.36358505,,,,,,,,,,
,Anguilla,NA,0,NA,0,NA,,NA,,NA,,NA,,NA,,NA,,NA,,NA,,NA,,NA,,,,,,,,,,
,Antigua and Barbuda,0.090541191,0,NA,0,NA,,NA,,NA,,NA,,NA,,NA,,NA,,NA,,NA,,NA,,,,,,,,,,
,Argentina,0.073467579,0,0.041,0,0.52740349,x,0.31951948,x,0.9661496,x,0.39101143,x,0.48527721,x,0.32994122,x,NA,,0.6810849,x,NA,,NA,,,,,,,,,,
,Armenia,0.089790993,0,0.003645658,0,0.40879616,,0.44490414,,0.89810143,,0.28720592,,0.31562677,,0.2433626,,0.36308819,,0.71583557,,0.24459978,,0.22294811,,,,,,,,,,
,Australia,0.065194602,0,0.013060704,0,NA,,NA,,NA,,NA,,NA,,NA,,NA,,NA,,NA,,NA,,,,,,,,,,
,Austria,0.065214977,0,0,0,NA,,NA,,NA,,NA,,NA,,NA,,NA,,NA,,NA,,NA,,,,,,,,,,
,Azerbaijan,0.07282609,0,0.025146083,0,0.197,,0.121,,0.769,,0.26392654,x,0.24278873,x,0.14547711,x,0.34834705,x,NA,,NA,,0.38192307,x,,,,,,,,,
,Bahamas,0.13135983,0,0.156480981,0,NA,,NA,,NA,,NA,,NA,,NA,,NA,,NA,,NA,,NA,,,,,,,,,,
,Bahrain,0.11907553,0,0.023802804,0,NA,,NA,,NA,,NA,,NA,,NA,,NA,,NA,,NA,,NA,,,,,,,,,,
,Bangladesh,0.2780978,0,0.67843272,0,0.50798492,,0.55289871,,0.64705681,,0.91956741,,0.94441322,,0.85275887,,0.26571703,,0.63622467,,0.22818817,,0.52696781,,,,,,,,,,
,Barbados,NA,0,0.023,0,0.4029047,x,0.19696945,x,0.89848412,x,0.41081161,x,NA,"x,p",NA,"x,p",NA,,0.61254036,x,NA,,NA,,,,,,,,,,
,Belarus,0.050638232,0,0.00233886,0,0.52965881,x,0.19027744,x,0.9527298,x,0.17384157,x,0.25583347,x,0.18804502,x,NA,,0.74202904,x,NA,,NA,,,,,,,,,,
,Belgium,0.07254601,0,0.04457239,0,NA,,NA,,NA,,NA,,NA,,NA,,NA,,NA,,NA,,NA,,,,,,,,,,
,Belize,0.085988007,0,0.013,0,0.6825412,,0.33164608,,0.78798141,,0.47131149,,0.58671726,,0.37352512,,0.57829643,,0.6759066,x,NA,,0.30324936,,,,,,,,,,
,Benin,0.16890917,0,0.396,0,0.54075073,,0.41401615,,0.55791328,,0.68805222,,0.76978668,,0.51675385,,0.25880089,,0.44940563,,0.14766715,,0.54100483,,,,,,,,,,
,Bhutan,0.11662965,0,0.27832439,0,0.779,,0.514,,0.869,,0.80405029,x,0.88201515,x,0.75802544,x,NA,,0.62582893,x,NA,,NA,,,,,,,,,,
,Bolivia (Plurinational State of),0.072223349,0,0.172,0,0.55,,0.583,,0.81047966,x,0.553,,0.74252899,"x,r",0.52683861,"x,r",0.64432243,x,NA,,NA,,0.19808907,x,,,,,,,,,
,Bosnia and Herzegovina,0.033956866,0,0.02150448,0,0.42288311,x,0.18189299,x,0.75945099,x,0.1173019,x,0.16467392,x,0.09798027,x,NA,,0.72240814,x,NA,,NA,,,,,,,,,,
,Botswana,0.15632107,0,0.05031877,0,0.528,,0.29994354,,0.725,,0.15218289,,NA,,NA,,NA,,NA,,NA,,NA,,,,,,,,,,
,Brazil,0.083842697,0,0.029314231,0,0.429,x,0.386,x,0.941,x,NA,,NA,,NA,,NA,,NA,,NA,,NA,,,,,,,,,,
,British Virgin Islands,NA,0,NA,0,NA,,NA,,NA,,NA,,NA,,NA,,NA,,NA,,NA,,NA,,,,,,,,,,
,Brunei Darussalam,0.10755617,0,0.044729387,0,NA,,NA,,NA,,NA,,NA,,NA,,NA,,NA,,NA,,NA,,,,,,,,,,
,Bulgaria,0.095600834,0,0.057044222,0,NA,,NA,,NA,,NA,,NA,,NA,,NA,,NA,,NA,,NA,,,,,,,,,,
,Burkina Faso,0.13137902,0,0.36397266,0,0.558,,0.478,,0.751,,0.90478806,x,0.92895142,x,0.77050964,x,0.051927166,x,0.565,,0.031443448,x,0.74694878,x,,,,,,,,,
,Burundi,0.15131362,0,0.197,0,0.85043709,,0.82326126,,0.85603539,,0.89437332,,0.91797104,,0.84206734,,0.18486036,,0.39249451,,0.10210701,,0.092605677,,,,,,,,,,
,Cabo Verde,NA,0,NA,0,0.727,x,0.596,x,NA,,NA,,NA,,NA,,NA,,NA,,NA,,NA,,,,,,,,,,
,Cambodia,0.1212224,0,0.09117848,0,0.62557487,,0.65205032,,0.81562813,,0.58036919,,0.64692192,,0.38973499,,0.40425549,,0.72157341,,0.30429089,,0.35345333,,,,,,,,,,
,Cameroon,0.11961432,0,0.396562517,0,0.31195841,,0.28034719,,0.8273011,,0.46314079,,0.74965324,,0.15889798,,0.23270174,,0.60001339,,0.16482433,,0.41580738,,,,,,,,,,
,Canada,0.063826098,0,0.012173448,0,NA,,NA,,NA,,NA,,NA,,NA,,NA,,NA,,NA,,NA,,,,,,,,,,
,Central African Republic,0.14536402,0,0.39159629,0,0.525,,0.288,,0.94008888,x,0.65972481,x,0.74009933,x,0.56842266,x,0.26547756,x,0.20432394,x,0.087603951,x,0.21664743,x,,,,,,,,,
,Chad,NA,0,0.87809854,0,0.22999971,,<1.0,,0.59311016,,0.78799217,,0.82244514,,0.68360214,,0.093144073,,0.37481236,,0.057432022,,0.70378494,,,,,,,,,,
,Chile,0.062466712,0,0,0,NA,,NA,,NA,,NA,,NA,,NA,,NA,,NA,,NA,,NA,,,,,,,,,,
,China,0.049525833,0,0.004974604,0,0.287,,0.208,,0.83,,NA,,NA,,NA,,0.34577,,0.690675,,0.245,,NA,,,,,,,,,,
,Colombia,0.099555931,0,0.179727852,0,0.72,,0.361,,0.78,,0.44754639,x,0.49325577,x,0.32559406,x,NA,,0.611,,NA,,NA,,,,,,,,,,
,Comoros,0.23696138,0,0.32879673,0,0.33711369,x,0.11433165,x,0.80346466,x,0.65165726,x,0.67699409,x,0.6944162,x,0.21526237,x,0.29713175,x,0.058795309,x,0.5150901,x,,,,,,,,,
,Congo,0.11611163,0,0.098,0,0.25273922,,0.3285508,,0.84032249,,0.32328808,,0.53527023,,0.20120016,,0.13747473,,0.32332268,,0.050206347,,0.51318359,,,,,,,,,,
,Cook Islands,0.034958258,0,NA,0,NA,,NA,,NA,,NA,,NA,,NA,,NA,,NA,,NA,,NA,,,,,,,,,,
,Costa Rica,0.074772849,0,0.02167807,0,0.59626316,x,0.32540791,x,0.89655899,x,0.39779896,x,0.49601074,x,0.12832944,x,NA,,0.79428505,x,NA,,NA,,,,,,,,,,
,Côte d'Ivoire,0.15460178,0,0.245,0,0.36603085,,0.23128265,,0.65493095,,0.63096924,,0.75552391,,0.36240452,,0.22677824,,0.48965462,,0.13769083,,0.4409634,,,,,,,,,,
,Croatia,0.051036353,0,NA,0,NA,,NA,,NA,,NA,,NA,,NA,,NA,,NA,,NA,,NA,,,,,,,,,,
,Cuba,0.052635574,0,0.0518443,0,0.47877312,,0.32832527,,0.9106768,,0.30687815,,NA,,NA,,0.70148407,,0.79246628,,0.55993008,,0.26882854,,,,,,,,,,
,Cyprus,NA,0,0.265116642,0,NA,,NA,,NA,,NA,,NA,,NA,,NA,,NA,,NA,,NA,,,,,,,,,,
,Czechia,0.078177896,0,0.000823942,0,NA,,NA,,NA,,NA,,NA,,NA,,NA,,NA,,NA,,NA,,,,,,,,,,
,Democratic People's Republic of Korea,NA,0,0,0,0.425,,0.714,,0.782,,NA,,NA,,NA,,0.467,,0.75,,0.286,,NA,,,,,,,,,,
,Democratic Republic of the Congo,0.10843405,0,0.23941552,0,0.51926548,,0.47336025,,0.79274902,,0.819683,,0.86841934,,0.66589607,,0.17202019,,0.34647312,,0.083678122,,0.2872607,,,,,,,,,,
,Denmark,0.053433523,0,0.04330615,0,NA,,NA,,NA,,NA,,NA,,NA,,NA,,NA,,NA,,NA,,,,,,,,,,
,Djibouti,NA,0,NA,0,0.52,x,0.124,x,NA,,NA,,NA,,NA,,NA,,NA,,NA,,NA,,,,,,,,,,
,Dominica,NA,0,NA,0,NA,,NA,,NA,,NA,,NA,,NA,,NA,,NA,,NA,,NA,,,,,,,,,,
,Dominican Republic,0.11294179,0,0.03895558,0,0.38075706,,0.04564405,,0.80525726,,0.19947975,,0.2715584,,0.14178377,,0.51307983,,0.79761658,,0.43048294,,0.34918953,,,,,,,,,,
,Ecuador,0.11180641,0,0.186357986,0,0.546,x,0.396,x,0.736,x,NA,,NA,,NA,,NA,,NA,,NA,,NA,,,,,,,,,,
,Egypt,NA,0,0.38594905,0,0.2709951,,0.39536598,,0.75196083,,0.50463615,,0.58088089,,0.43396587,,0.34690113,,0.60237522,,0.23295528,,0.44697613,,,,,,,,,,
,El Salvador,0.10295944,0,0.07035067,0,0.42004864,,0.46734215,,0.90336411,,0.66789284,,0.7134404,,0.57209175,,0.72850906,,0.86942513,,0.6451709,,0.15860823,,,,,,,,,,
,Equatorial Guinea,NA,0,0.295,0,NA,,0.074,x,NA,,0.308,x,0.47282089,"x,r",0.34386997,"x,r",NA,,0.39,x,NA,,NA,,,,,,,,,,
,Eritrea,NA,0,0.652,0,0.931,x,0.687,x,0.442,x,0.86,x,NA,0,NA,0,NA,,NA,,NA,,NA,,,,,,,,,,
,Estonia,0.043443718,0,0.002626535,0,NA,,NA,,NA,,NA,,NA,,NA,,NA,,NA,,NA,,NA,,,,,,,,,,
,Eswatini,0.10321427,0,0.08779195,0,0.48327488,,0.63823479,,0.89539223,,0.28463564,,0.28743979,,0.18860249,,0.47702911,,0.84593842,,0.38076611,,NA,,,,,,,,,,
,Ethiopia,NA,0,0.864,0,0.73329582,,0.56520683,,0.60001724,,0.84758087,,0.84211899,,0.82762138,,0.12488017,,0.4513026,,0.072952299,,0.687808,,,,,,,,,,
,Fiji,NA,0,0.109,x,0.573,x,0.398,x,NA,,NA,,NA,,NA,,NA,,NA,,NA,,NA,,,,,,,,,,
,Finland,0.041218162,0,0.06203344,0,NA,,NA,,NA,,NA,,NA,,NA,,NA,,NA,,NA,,NA,,,,,,,,,,
,France,0.074371591,0,0,0,NA,,NA,,NA,,NA,,NA,,NA,,NA,,NA,,NA,,NA,,,,,,,,,,
,Gabon,0.1421289,0,0.09291413,0,0.32336426,x,0.050756083,x,0.82385559,x,0.22843929,x,0.34341011,x,0.18729019,x,0.17827158,x,NA,,NA,,0.52459663,x,,,,,,,,,
,Gambia,0.16751015,0,0.40697629,0,0.51512726,,0.46779449,,0.55035408,,0.78498962,,0.80782997,,0.68864388,,0.10332583,,0.57537132,,0.083229542,,0.7562204,,,,,,,,,,
,Georgia,0.061172013,0,0,0,0.687,x,0.548,x,0.845,x,0.30131245,x,0.31099468,x,0.3105027,x,NA,,NA,,NA,,NA,,,,,,,,,,
,Germany,0.066457105,0,0.020539309,0,NA,,NA,,NA,,NA,,NA,,NA,,NA,,NA,,NA,,NA,,,,,,,,,,
,Ghana,0.1415881,0,0.39671162,0,0.55614155,,0.52085804,,0.73095009,,0.75925529,,0.92025787,,0.70675789,,0.24404594,,0.43266636,,0.13261838,,0.50589531,,,,,,,,,,
,Greece,0.087483921,0,0.036687219,0,NA,,NA,,NA,,NA,,NA,,NA,,NA,,NA,,NA,,NA,,,,,,,,,,
,Grenada,NA,0,NA,0,NA,,NA,,NA,,NA,,NA,,NA,,NA,,NA,,NA,,NA,,,,,,,,,,
,Guatemala,0.10957713,0,0.05758976,0,0.63133484,,0.53236492,,0.79800125,,0.72040627,,0.85216827,,0.47555321,,0.59316128,,0.8242955,,0.52061028,,0.2675561,,,,,,,,,,
,Guinea,NA,0,0.487,0,0.33869759,,0.334,,0.53696823,,0.776,,0.90933044,r,0.53421932,r,0.058890476,,0.24058857,,0.018107755,,0.84808601,,,,,,,,,,
,Guinea-Bissau,0.21075216,0,0.5630263,0,0.33657967,,0.52541714,,0.57177322,,0.77001976,,0.82835136,,0.57340336,,0.10018054,,0.57300228,,0.077728214,,0.4362265,,,,,,,,,,
,Guyana,0.15618451,0,0.1120028,0,0.49213158,,0.21100428,,0.80891869,,0.45998138,,0.63645958,,0.24689426,,0.40285889,,0.63000511,,0.27761177,,0.32799072,,,,,,,,,,
,Haiti,NA,0,0.665,0,0.47352592,,0.39875298,,0.91283195,,0.52460415,,0.58783657,,0.43411049,,0.19176323,,0.39475147,,0.11129445,,0.54659348,,,,,,,,,,
,Holy See,NA,0,NA,0,NA,,NA,,NA,,NA,,NA,,NA,,NA,,NA,,NA,,NA,,,,,,,,,,
,Honduras,0.1089721,0,0.16939299,0,0.63797344,x,0.30749973,x,0.86258842,x,0.58911865,x,0.75857834,x,0.41650066,x,0.60726421,x,0.86068283,x,0.54787403,x,0.36059898,x,,,,,,,,,
,Hungary,0.087674103,0,0,0,NA,,NA,,NA,,NA,,NA,,NA,,NA,,NA,,NA,,NA,,,,,,,,,,
,Iceland,0.041936245,0,0.084643018,0,NA,,NA,,NA,,NA,,NA,,NA,,NA,,NA,,NA,,NA,,,,,,,,,,
,India,NA,z,0.221,0,0.41498436,,0.54872589,,0.45798512,,0.79550217,,0.87527084,,0.68516663,,0.19870314,,0.35928535,,0.095559235,,0.54711174,,,,,,,,,,
,Indonesia,0.099694548,0,0.10016486,0,0.582,,0.50672592,,0.85528419,,0.67291191,,0.74239639,,0.55874397,,0.53925323,,0.7170536,,0.40341499,,0.17848288,,,,,,,,,,
,Iran (Islamic Republic of),NA,0,NA,0,0.687,x,0.531,x,0.759,x,NA,,NA,,NA,,NA,,NA,,NA,,NA,,,,,,,,,,
,Iraq,NA,0,0.28,0,0.32358322,,0.25822445,,0.84785439,,0.3533202,,0.46578106,,0.32455746,,0.44582573,,0.77583061,,0.34988544,,0.25317371,,,,,,,,,,
,Ireland,0.058868113,0,0.041462926,0,NA,,NA,,NA,,NA,,NA,,NA,,NA,,NA,,NA,,NA,,,,,,,,,,
,Israel,0.077825155,0,0,0,NA,,NA,,NA,,NA,,NA,,NA,,NA,,NA,,NA,,NA,,,,,,,,,,
,Italy,0.069646678,0,0.022180664,0,NA,,NA,,NA,,NA,,NA,,NA,,NA,,NA,,NA,,NA,,,,,,,,,,
,Jamaica,0.14582915,0,0.03530131,0,0.64718956,x,0.23779669,x,0.63538231,x,0.37669949,x,0.39487129,x,0.29071745,x,NA,,0.42007225,x,NA,,NA,,,,,,,,,,
,Japan,0.094886723,0,0.045491136,0,NA,,NA,,NA,,NA,,NA,,NA,,NA,,NA,,NA,,NA,,,,,,,,,,
,Jordan,0.13782714,0,0.053,0,0.67048759,,0.2540476,,0.83392143,,0.26147621,,0.28023586,,0.32572956,,0.34953205,,0.6219492,,0.22532862,,0.41086464,,,,,,,,,,
,Kazakhstan,0.054285703,0,0.01411501,0,0.83288734,,0.3777187,,0.6649617,,0.40789272,,0.39550774,,0.44826748,,0.48980808,,0.76860947,,0.37908714,,0.2121459,,,,,,,,,,
,Kenya,0.11466808,0,0.34108277,0,0.6221389,,0.6139415,,0.79685715,,0.75416695,,0.78760895,,0.68700821,,0.36308922,,0.50771599,,0.21819996,,0.28689034,,,,,,,,,,
,Kiribati,NA,0,0.238,x,0.8,x,0.66,x,0.7,x,0.845,x,0.91807823,x,0.79533073,x,0.27,x,NA,,NA,,NA,,,,,,,,,,
,Kuwait,0.09864666,0,0.301176512,0,NA,,NA,,NA,,NA,,NA,,NA,,NA,,NA,,NA,,NA,,,,,,,,,,
,Kyrgyzstan,0.055305958,0,0.003,0,0.81,,0.45557854,,0.9139843,,0.47346313,,0.53116817,,0.36206692,,0.59765411,,0.76372238,,0.4374435,,0.13787654,,,,,,,,,,
,Lao People's Democratic Republic,0.17313999,0,0.326,0,0.50061512,,0.44379486,,0.86658409,,0.42805965,,0.66490303,,0.19407003,,0.35697502,,0.69916519,,0.26534733,,0.36160789,,,,,,,,,,
,Latvia,0.045087481,0,0,0,NA,,NA,,NA,,NA,,NA,,NA,,NA,,NA,,NA,,NA,,,,,,,,,,
,Lebanon,0.092394466,0,0,0,0.413,x,NA,,NA,,0.143,x,NA,0,NA,0,NA,,NA,,NA,,NA,,,,,,,,,,
,Lesotho,0.14607059,0,0.1656881,0,0.65293884,,0.66851952,,0.83030396,,0.53487961,,0.74066177,,0.25744989,,0.1693997,,0.6076519,,0.11332228,,0.49980068,,,,,,,,,,
,Liberia,NA,0,0.76769523,0,0.61246883,,0.54577816,,0.46587254,,0.69461716,,0.75673607,,0.53001629,,0.097260971,,0.30174366,,0.052140656,,0.38836258,,,,,,,,,,
,Libya,NA,0,NA,0,NA,,NA,,NA,,NA,,NA,,NA,,NA,,NA,,NA,,NA,,,,,,,,,,
,Liechtenstein,NA,0,NA,0,NA,,NA,,NA,,NA,,NA,,NA,,NA,,NA,,NA,,NA,,,,,,,,,,
,Lithuania,0.045087857,0,0.071942446,0,NA,,NA,,NA,,NA,,NA,,NA,,NA,,NA,,NA,,NA,,,,,,,,,,
,Luxembourg,0.065398355,0,0,0,NA,,NA,,NA,,NA,,NA,,NA,,NA,,NA,,NA,,NA,,,,,,,,,,
,Madagascar,0.17138205,0,0.6,x,0.658,x,0.419,x,0.897,x,0.79316292,x,0.79123642,x,0.76659683,x,0.21752062,x,NA,,NA,,0.33068245,x,,,,,,,,,
,Malawi,0.14464293,0,0.16026119,0,0.76242294,,0.59439594,,0.84924057,,0.83831001,,0.87412285,,0.78337059,,0.22765091,,0.29173725,,0.080577755,,0.22928152,,,,,,,,,,
,Malaysia,0.11349301,0,0.006935962,0,NA,,0.403,,NA,,NA,,NA,,NA,,NA,,NA,,NA,,NA,,,,,,,,,,
,Maldives,0.11717913,0,0.111566018,0,0.665,,0.63032921,,0.96686874,,0.72774002,,0.79346916,0,NA,p,0.71379066,,0.69723854,,0.51173634,,0.15146124,,,,,,,,,,
,Mali,NA,0,0.633049818,0,0.53230728,,0.404,,0.41783798,,0.786,,0.81577721,r,0.7261351,r,0.10513172,,0.23098789,,0.033926587,,0.69753502,,,,,,,,,,
,Malta,0.063229485,0,0,0,NA,,NA,,NA,,NA,,NA,,NA,,NA,,NA,,NA,,NA,,,,,,,,,,
,Marshall Islands,NA,0,0.101,0,0.608,,0.43117062,,0.642,,0.35539608,,0.25095234,0,NA,p,0.34144512,,0.608,,0.16326954,,0.46440636,,,,,,,,,,
,Mauritania,NA,0,0.638,0,0.678,,0.403,,0.737,,0.69521141,,0.74667236,,0.60532528,,0.28286289,,0.38921925,,0.14324,,0.51469063,,,,,,,,,,
,Mauritius,0.17056761,0,0.055744996,0,NA,,NA,,NA,,NA,,NA,,NA,,NA,,NA,,NA,,NA,,,,,,,,,,
,Mexico,0.078687429,0,0.02098623,0,0.51036133,,0.30139965,,0.82333397,,0.3607925,,0.51736675,,0.15732739,,0.59443741,,0.81250343,,0.48398399,,0.18309301,,,,,,,,,,
,Micronesia (Federated States of),NA,0,NA,0,NA,,NA,,NA,,NA,,NA,,NA,,NA,,NA,,NA,,NA,,,,,,,,,,
,Monaco,0.054366164,0,0,0,NA,,NA,,NA,,NA,,NA,,NA,,NA,,NA,,NA,,NA,,,,,,,,,,
,Mongolia,0.053733959,0,0.00854255,0,0.837,,0.59157085,,0.965,,0.64003227,,0.65646645,,0.57516808,,0.44624649,,0.921,,0.41355331,,0.36513119,,,,,,,,,,
,Montenegro,0.054530764,0,0.01407604,0,0.14375247,,0.16775986,,0.95140167,,0.14642814,,0.27494493,,0.11251291,,0.69059677,,0.89964539,,0.60501938,,0.089736185,,,,,,,,,,
,Montserrat,NA,0,NA,0,NA,,NA,,NA,,NA,,NA,,NA,,NA,,NA,,NA,,NA,,,,,,,,,,
,Morocco,0.1728467,0,0.266652245,0,0.426,,0.35,,0.84444008,x,0.35082214,x,0.45226604,x,0.19179617,x,NA,,NA,,NA,,NA,,,,,,,,,,
,Mozambique,0.13818653,0,0.48752479,0,0.69,,0.41,,0.95,,0.75377022,x,0.80136101,x,0.52582203,x,0.28039051,x,0.41176258,x,0.13259706,x,0.35714336,x,,,,,,,,,
,Myanmar,0.12303469,0,0.545927346,0,0.66764153,,0.51237877,,0.75035706,,0.78452339,,0.8415757,,0.66261597,,0.21329678,,0.57589714,,0.15853146,,0.55772926,,,,,,,,,,
,Namibia,0.15525137,0,0.13972122,0,0.71221169,,0.48324806,,0.79612411,,0.46639702,,0.54770149,,0.26690001,,0.24890232,,0.41058323,,0.12539922,,0.51832817,,,,,,,,,,
,Nauru,NA,0,0.042,0,0.764,x,0.672,x,NA,,0.665,x,NA,0,NA,0,NA,,NA,,NA,,NA,,,,,,,,,,
,Nepal,0.21813128,0,0.387082875,0,0.54929649,,0.65157356,,0.84337456,,0.93983437,,0.96829567,,0.90795563,,0.44999931,,0.71428024,,0.35764942,,0.38440048,,,,,,,,,,
,Netherlands,0.061503716,0,0.058931582,0,NA,,NA,,NA,,NA,,NA,,NA,,NA,,NA,,NA,,NA,,,,,,,,,,
,New Zealand,0.056949415,0,0.08312224,0,NA,,NA,,NA,,NA,,NA,,NA,,NA,,NA,,NA,,NA,,,,,,,,,,
,Nicaragua,0.10669083,0,0.08,0,0.544,x,0.317,x,0.88705948,x,0.52223343,x,0.64232674,x,0.2782011,x,NA,,NA,,NA,,NA,,,,,,,,,,
,Niger,NA,0,0.76838479,0,0.52941833,x,0.23253159,x,0.61891193,x,0.78447136,x,0.85396973,x,0.70957809,x,0.084534798,x,0.51266754,x,0.055777683,x,0.67189339,x,,,,,,,,,
,Nigeria,NA,0,0.748,0,0.32836597,,0.25167105,,0.66440514,,0.51207775,,0.80340668,r,0.48377098,r,0.3441893,,0.45563526,,0.15473305,,0.31886604,,,,,,,,,,
,Niue,NA,0,NA,0,NA,,NA,,NA,,NA,,NA,,NA,,NA,,NA,,NA,,NA,,,,,,,,,,
,North Macedonia,0.090528536,0,0.03650501,0,0.20955082,x,0.23019989,x,0.86909286,x,0.27469202,x,0.25118668,x,0.26448313,x,NA,,0.65176323,x,NA,,NA,,,,,,,,,,
,Norway,0.044867373,0,0.031345826,0,NA,,NA,,NA,,NA,,NA,,NA,,NA,,NA,,NA,,NA,,,,,,,,,,
,Oman,0.10536337,0,0,0,0.82,,0.23,,0.95,,NA,,NA,,NA,,NA,,0.65,,NA,,NA,,,,,,,,,,
,Pakistan,NA,0,0.839,0,0.1956039,,0.47465782,,0.65296928,,0.63155197,,0.75464386,,0.51529129,,0.14972432,,0.63102024,,0.12672472,,0.61190308,,,,,,,,,,
,Palau,NA,0,NA,0,NA,,NA,,NA,,NA,,NA,,NA,,NA,,NA,,NA,,NA,,,,,,,,,,
,Panama,0.10087104,0,0.08820158,0,0.46976196,,0.21459486,,0.77738022,,0.41256763,,0.57212948,,0.1843247,,NA,,0.63509865,,NA,,NA,,,,,,,,,,
,Papua New Guinea,NA,0,NA,0,NA,,0.561,x,NA,,NA,,NA,,NA,,NA,,NA,,NA,,NA,,,,,,,,,,
,Paraguay,0.080900145,0,0.023418367,0,0.49548473,,0.29593622,,0.87126221,,0.32832832,,0.40864498,,0.42735447,,0.52067505,,0.74690025,,0.39710205,,0.16459743,,,,,,,,,,
,Peru,0.094036293,0,0.045,0,0.497,,0.664,,0.94854729,,0.64583237,,0.68570618,,0.53482048,,0.82871941,,NA,,NA,,0.072635918,,,,,,,,,,
,Philippines,0.20147881,0,0.158,0,0.56904133,,0.32969021,x,0.89354378,x,0.59592228,,0.68369362,,0.48868408,,0.53532349,x,NA,,NA,,0.21760197,x,,,,,,,,,
,Poland,0.059436841,0,0,0,NA,,NA,,NA,,NA,,NA,,NA,,NA,,NA,,NA,,NA,,,,,,,,,,
,Portugal,0.089011831,0,0,0,NA,,NA,,NA,,NA,,NA,,NA,,NA,,NA,,NA,,NA,,,,,,,,,,
,Qatar,0.073243294,0,0.023013338,0,0.3350441,x,0.29330603,x,0.7398307,x,0.46729603,x,NA,0,NA,0,NA,,0.49038834,x,NA,,NA,,,,,,,,,,
,Republic of Korea,0.057685995,0,0.024539344,0,NA,,NA,,NA,,NA,,NA,,NA,,NA,,NA,,NA,,NA,,,,,,,,,,
,Republic of Moldova,0.050010633,0,0.0080722,0,0.6091954,x,0.36370293,x,0.75058868,x,0.26841297,x,0.43726742,x,0.22102112,x,0.6970462,x,0.49156536,x,NA,,0.095828857,x,,,,,,,,,
,Romania,0.081845531,0,0.024,0,0.577,x,0.158,x,NA,,NA,,NA,,NA,,NA,,NA,,NA,,NA,,,,,,,,,,
,Russian Federation,0.058061867,0,0,0,0.25,x,NA,,NA,,NA,,NA,,NA,,NA,,NA,,NA,,NA,,,,,,,,,,
,Rwanda,0.078707004,0,0.07633504,0,0.80472496,,0.86929436,,0.57130344,,0.91094627,,0.9400164,,0.81497696,,0.28175962,,0.47161446,,0.18075512,,0.25129259,,,,,,,,,,
,Saint Kitts and Nevis,NA,0,NA,0,NA,,NA,,NA,,NA,,NA,,NA,,NA,,NA,,NA,,NA,,,,,,,,,,
,Saint Lucia,NA,0,0,0,0.49582855,x,0.034969528,x,NA,"x,p",0.28694752,x,NA,"x,p",NA,"x,p",NA,,0.4993235,x,NA,,NA,,,,,,,,,,
,Saint Vincent and the Grenadines,NA,0,NA,0,NA,,NA,,NA,,NA,,NA,,NA,,NA,,NA,,NA,,NA,,,,,,,,,,
,Samoa,NA,0,0.241,0,0.814,,0.703,,0.741,,0.731,,NA,0,NA,0,NA,,NA,,NA,,NA,,,,,,,,,,
,San Marino,0.032604332,0,0.017,0,NA,,NA,,NA,,NA,,NA,,NA,,NA,,NA,,NA,,NA,,,,,,,,,,
,Sao Tome and Principe,0.06598412,0,0.06909255,0,0.38255898,,0.71715233,,0.74141121,,0.51485729,,0.64787178,,0.46256546,,0.36730774,,0.59987335,,0.22954311,,0.26504465,,,,,,,,,,
,Saudi Arabia,NA,0,NA,0,NA,,NA,,NA,,NA,,NA,,NA,,NA,,NA,,NA,,NA,,,,,,,,,,
,Senegal,0.18459738,0,0.402,0,0.33565338,,0.42088467,,0.66874817,,0.70281662,,0.76647171,,0.60889584,,0.20316462,,0.30674986,,0.07992691,,0.52340424,,,,,,,,,,
,Serbia,0.045343642,0,0.01615756,0,0.50759727,,0.12844851,,0.96567337,,0.14643003,,0.20408699,,0.17755463,,0.76999672,,0.95707146,,0.69692543,,0.032579672,,,,,,,,,,
,Seychelles,0.11672328,0,0,0,NA,,NA,,NA,,NA,,NA,,NA,,NA,,NA,,NA,,NA,,,,,,,,,,
,Sierra Leone,0.144151,0,0.52364665,0,0.55699837,,0.47155933,,0.68319458,,0.61083252,,0.71483429,,0.33077538,,0.1776689,,0.43299824,,0.092509747,,0.4068066,,,,,,,,,,
,Singapore,0.096355581,0,0.170499588,0,NA,,NA,,NA,,NA,,NA,,NA,,NA,,NA,,NA,,NA,,,,,,,,,,
,Slovakia,0.076023402,0,0.024012638,0,NA,,NA,,NA,,NA,,NA,,NA,,NA,,NA,,NA,,NA,,,,,,,,,,
,Slovenia,0.061484652,0,0.038635943,0,NA,,NA,,NA,,NA,,NA,,NA,,NA,,NA,,NA,,NA,,,,,,,,,,
,Solomon Islands,NA,0,0.142,0,0.789,,0.762,,NA,,0.714,,NA,0,NA,0,NA,,NA,,NA,,NA,,,,,,,,,,
,Somalia,NA,0,0.955,x,0.234,x,0.053,x,0.171,x,0.43169342,x,0.60912888,x,0.22660799,x,NA,,NA,,NA,,NA,,,,,,,,,,
,South Africa,0.14205164,0,0.186,0,0.67302063,,0.31614695,,0.82502304,,0.33648865,,0.4678072,,0.25435194,,0.39905479,,0.51919769,,0.22937237,,0.37106285,,,,,,,,,,
,South Sudan,NA,0,NA,0,0.5045237,x,0.4453772,x,0.41570957,x,0.61897556,x,0.67163643,x,0.57710327,x,NA,,0.11523412,x,NA,,NA,,,,,,,,,,
,Spain,0.08274869,0,0.038926016,0,NA,,NA,,NA,,NA,,NA,,NA,,NA,,NA,,NA,,NA,,,,,,,,,,
,Sri Lanka,0.15888087,0,0,0,0.903,,0.82,,0.88,,0.913,,NA,0,NA,0,NA,,NA,,NA,,NA,,,,,,,,,,
,State of Palestine,0.083860989,0,0.00332353,0,0.40835129,,0.38135483,,0.89626144,,0.31183485,,0.32527355,,0.28704321,,0.5032394,,0.78794868,,0.39028076,,0.27131811,,,,,,,,,,
,Sudan,NA,0,0.89272753,0,0.68716454,,0.54595383,,0.61168243,,0.72524292,,0.71532845,,0.74285576,,0.2397122,,0.42121662,,0.14715105,,0.66966789,,,,,,,,,,
,Suriname,0.14658528,0,0.19472781,0,0.44682823,x,0.027725089,x,0.79090973,x,0.17398615,x,0.16490091,x,0.15056536,x,NA,,0.64265816,x,NA,,NA,,,,,,,,,,
,Sweden,0.024138143,0,0.050906555,0,NA,,NA,,NA,,NA,,NA,,NA,,NA,,NA,,NA,,NA,,,,,,,,,,
,Switzerland,0.06474225,0,0.000799277,0,NA,,NA,,NA,,NA,,NA,,NA,,NA,,NA,,NA,,NA,,,,,,,,,,
,Syrian Arab Republic,NA,0,0.521,x,0.455,x,0.426,x,0.43806561,x,0.44741684,x,0.56580227,x,0.41766556,x,NA,,NA,,NA,,NA,,,,,,,,,,
,Tajikistan,0.056252947,0,0.085,0,0.61616779,,0.35797085,,0.63131279,,0.57143711,,0.63249844,,0.52800686,,0.22507526,,0.39887905,,0.09344347,,0.57587456,,,,,,,,,,
,Thailand,0.10516175,0,0.011,0,0.39937237,,0.23044815,,0.84602524,,0.24475094,,0.34605255,,0.10897911,,0.63167633,,0.84722313,,0.53777485,,0.22055376,,,,,,,,,,
,Timor-Leste,NA,0,0.473,0,0.75239838,,0.50172226,,0.63394608,,0.51718979,,0.6083482,,0.44407288,,0.2760224,,0.45844761,,0.1328357,,0.35090332,,,,,,,,,,
,Togo,0.16087606,0,0.39934114,0,0.60620411,,0.57179993,,0.67266174,,0.82045761,,0.91649368,,0.68758324,,0.18265102,,0.45911205,,0.12092172,,0.44856518,,,,,,,,,,
,Tokelau,NA,0,NA,0,NA,,NA,,NA,,NA,,NA,,NA,,NA,,NA,,NA,,NA,,,,,,,,,,
,Tonga,NA,0,0.059,0,0.791,x,0.522,x,NA,,0.414,x,NA,0,NA,0,NA,,NA,,NA,,NA,,,,,,,,,,
,Trinidad and Tobago,0.12392281,0,0.188849287,0,0.46,x,0.21,x,0.563,x,0.34,x,0.451,x,NA,"x,p",NA,,0.701,x,NA,,NA,,,,,,,,,,
,Tunisia,0.074720325,0,0.02558749,0,0.316,,0.13545378,,0.96803291,,0.30276886,,0.38716015,,0.27826664,,NA,,0.8837709,,0.5545787,,0.19586803,,,,,,,,,,
,Turkey,0.11396656,0,0,0,0.499,,0.301,,0.746,,0.504,,NA,0,NA,0,NA,,NA,,NA,,NA,,,,,,,,,,
,Turkmenistan,0.049276066,0,0.00707588,0,0.73393021,,0.58263569,,0.82348289,,0.43570881,,0.544785,,0.24299353,,0.82491104,,0.93197617,,0.7723101,,0.091429634,,,,,,,,,,
,Turks and Caicos Islands,NA,0,NA,0,NA,,NA,,NA,,NA,,NA,,NA,,NA,,NA,,NA,,NA,,,,,,,,,,
,Tuvalu,NA,0,0.025,x,0.15,x,0.347,x,NA,,0.527,x,NA,0,NA,0,NA,,NA,,NA,,NA,,,,,,,,,,
,Uganda,NA,0,0.328,0,0.66063362,,0.65463127,,0.80576729,,0.66881302,,0.7671273,,0.52783119,,0.25735601,,0.41580051,,0.14643489,,0.43735062,,,,,,,,,,
,Ukraine,0.056338878,0,0.02764764,0,0.65673607,x,0.19728706,x,0.75145187,x,0.30857903,x,0.31277275,x,0.30277946,x,NA,,0.63718189,x,NA,,NA,,,,,,,,,,
,United Arab Emirates,0.12680036,0,0.027002828,0,NA,,NA,,NA,,NA,,NA,,NA,,NA,,NA,,NA,,NA,,,,,,,,,,
,United Kingdom,0.06952281,0,0.039,0,NA,,NA,,NA,,NA,,NA,,NA,,NA,,NA,,NA,,NA,,,,,,,,,,
,United Republic of Tanzania,0.10496649,0,0.36412104,0,0.51270157,,0.59046097,,0.92004051,,0.72227074,,0.74948441,,0.70212555,,0.21478561,,0.39884781,,0.0867521,,0.29396374,,,,,,,,,,
,United States,0.080214396,0,0.016,0,NA,,0.347,,NA,,0.133,,NA,,NA,,NA,,NA,,NA,,NA,,,,,,,,,,
,Uruguay,0.076167774,0,0.05564771,0,0.76510406,,NA,,NA,,NA,,NA,,NA,,NA,,NA,,NA,,NA,,,,,,,,,,
,Uzbekistan,0.052605476,0,0.008,x,0.6710183,x,0.23782928,x,0.46621323,x,0.57276379,x,0.66361763,x,0.52083481,x,NA,,NA,,NA,,NA,,,,,,,,,,
,Vanuatu,0.10910191,0,0.133,0,0.854,,0.726,,0.719,,0.579,,NA,,NA,,NA,,NA,,NA,,NA,,,,,,,,,,
,Venezuela (Bolivarian Republic of),0.091047745,0,NA,0,NA,,NA,,NA,,NA,,NA,,NA,,NA,,NA,,NA,,NA,,,,,,,,,,
,Viet Nam,0.082114124,0,0.05742799,0,0.26454214,,0.23998344,,0.90670837,,0.43013222,,0.54969616,,0.28739702,,0.58893711,,0.91067215,,0.5525716,,0.13749245,,,,,,,,,,
,Yemen,NA,0,0.91771607,0,0.52690041,,0.096996231,,0.69231468,,0.62838997,,0.73330132,,0.55517017,,0.21297359,,0.58545559,,0.15429192,,0.65515022,,,,,,,,,,
,Zambia,0.11598695,0,0.33597783,0,0.6581646,,0.699,,0.82247108,,0.63,,0.86733635,r,0.47725277,r,0.18361479,,0.42185246,,0.10481215,,0.34973953,,,,,,,,,,
,Zimbabwe,0.12628009,0,0.1786343,0,0.57626396,,0.47127106,,0.9135643,,0.54731041,,0.60612358,,0.44674805,,0.22648321,,0.35803692,,0.080650139,,0.3196447,,,,,,,,,,
,,,,,,,,,,,,,,,,,,,,,,,,,,,,,,,,,,
,SUMMARY,,,,,,,,,,,,,,,,,,,,,,,,,,,,,,,,,
,East Asia and Pacific,0.078815787,0,0.056322638,0,0.384133898,0,0.3,0,0.83639308,0,0.595548858,q,0.678923279,q,0.472224345,q,0.402487161,0,0.711004708,0,0.300146659,0,0.228146819,q,,,,,,,,,
,Europe and Central Asia,0.069294706,0,0.0236958,0,NA,0,NA,0,NA,0,NA,0,NA,0,NA,0,NA,0,NA,0,NA,0,NA,,,,,,,,,,
,Eastern Europe and Central Asia,0.069781071,0,0.018016087,0,0.571223579,q,0.327232213,q,0.749269241,q,0.472764554,q,NA,0,NA,0,NA,0,NA,0,NA,0,NA,,,,,,,,,,
,Western Europe,0.068679607,0,0.028623878,0,NA,0,NA,0,NA,0,NA,0,NA,0,NA,0,NA,0,NA,0,NA,0,NA,,,,,,,,,,
,Latin America and Caribbean,0.087329161,0,0.074522353,0,0.541989116,q,0.380791956,q,0.837691905,q,0.453141029,q,0.57239438,q,0.284832651,q,0.601973987,q,0.747456346,q,NA,0,0.209094776,q,,,,,,,,,
,Middle East and North Africa,0.113266069,0,0.347080004,0,0.362655694,0,0.305876141,0,0.778703874,0,0.469118882,0,0.554085618,0,0.415804933,0,0.36169509,0,0.65399417,0,0.261878228,0,0.423580869,,,,,,,,,,
,North America,0.078739723,0,0.0156562,0,NA,0,0.347,0,NA,0,0.133,0,NA,0,NA,0,NA,0,NA,0,NA,0,NA,,,,,,,,,,
,South Asia,0.267049635,0,0.390618052,0,0.39965879,0,0.541917367,0,0.518757889,0,0.780157067,0,0.859796342,0,0.674808365,0,0.201086233,0,0.439930931,0,0.118535465,0,0.554927256,,,,,,,,,,
,Sub-Saharan Africa,0.140465058,0,0.516765222,0,0.524946016,0,0.44099163,0,0.724409965,0,0.674266163,0,0.792097371,0,0.590120588,0,0.242532017,0,0.425041983,0,0.123364741,0,0.419915156,,,,,,,,,,
,Eastern and Southern Africa,0.137631414,0,0.4841746,0,0.654969835,0,0.554531119,0,0.768493455,0,0.715520703,0,0.765052691,0,0.654767095,0,0.236249712,0,0.428254676,0,0.127013834,0,0.442654602,,,,,,,,,,
,West and Central Africa,0.143142243,0,0.54410426,0,0.410125884,0,0.338829277,0,0.684397912,0,0.637840451,0,0.815886807,0,0.533255283,0,0.24805815,0,0.422332096,0,0.120154872,0,0.399952942,,,,,,,,,,
,Least developed countries,0.156206849,0,0.541929071,0,0.584962219,0,0.510969177,0,0.719608425,0,0.775680007,0,0.82436032,0,0.688909838,0,0.209253509,0,0.451075812,0,0.127664044,0,0.485894909,,,,,,,,,,
,World,0.15,0,0.287944813,0,0.443420064,0,0.418531857,0,0.693988418,0,0.654621032,0,0.776417898,0,0.581895833,0,0.292753444,0,0.530449315,0,0.188729412,0,0.442795136,,,,,,,,,,
,,,,,,,,,,,,,,,,,,,,,,,,,,,,,,,,,,
,,,,,,,,,,,,,,,,,,,,,,,,,,,,,,,,,,
,,,,,,,,,,,,,,,,,,,,,,,,,,,,,,,,,,
,,,,,,,,,,,,,,,,,,,,,,,,,,,,,,,,,,
,,,,,,,,,,,,,,,,,,,,,,,,,,,,,,,,,,
,,,,,,,,,,,,,,,,,,,,,,,,,,,,,,,,,,
,,,,,,,,,,,,,,,,,,,,,,,,,,,,,,,,,,
,,,,,,,,,,,,,,,,,,,,,,,,,,,,,,,,,,
,,,,,,,,,,,,,,,,,,,,,,,,,,,,,,,,,,
,,,,,,,,,,,,,,,,,,,,,,,,,,,,,,,,,,
,,,,,,,,,,,,,,,,,,,,,,,,,,,,,,,,,,
,,,,,,,,,,,,,,,,,,,,,,,,,,,,,,,,,,
,,,,,,,,,,,,,,,,,,,,,,,,,,,,,,,,,,
,,,,,,,,,,,,,,,,,,,,,,,,,,,,,,,,,,
,,,,,,,,,,,,,,,,,,,,,,,,,,,,,,,,,,
,,,,,,,,,,,,,,,,,,,,,,,,,,,,,,,,,,
,,,,,,,,,,,,,,,,,,,,,,,,,,,,,,,,,,
,,,,,,,,,,,,,,,,,,,,,,,,,,,,,,,,,,
,,,,,,,,,,,,,,,,,,,,,,,,,,,,,,,,,,
,,,,,,,,,,,,,,,,,,,,,,,,,,,,,,,,,,
,,,,,,,,,,,,,,,,,,,,,,,,,,,,,,,,,,
,,,,,,,,,,,,,,,,,,,,,,,,,,,,,,,,,,
,,,,,,,,,,,,,,,,,,,,,,,,,,,,,,,,,,
,,,,,,,,,,,,,,,,,,,,,,,,,,,,,,,,,,
,,,,,,,,,,,,,,,,,,,,,,,,,,,,,,,,,,
,,,,,,,,,,,,,,,,,,,,,,,,,,,,,,,,,,
,,,,,,,,,,,,,,,,,,,,,,,,,,,,,,,,,,
,,,,,,,,,,,,,,,,,,,,,,,,,,,,,,,,,,
,,,,,,,,,,,,,,,,,,,,,,,,,,,,,,,,,,
,,,,,,,,,,,,,,,,,,,,,,,,,,,,,,,,,,
,,,,,,,,,,,,,,,,,,,,,,,,,,,,,,,,,,
,,,,,,,,,,,,,,,,,,,,,,,,,,,,,,,,,,
,,,,,,,,,,,,,,,,,,,,,,,,,,,,,,,,,,
,,,,,,,,,,,,,,,,,,,,,,,,,,,,,,,,,,
,,,,,,,,,,,,,,,,,,,,,,,,,,,,,,,,,,
,,,,,,,,,,,,,,,,,,,,,,,,,,,,,,,,,,
,,,,,,,,,,,,,,,,,,,,,,,,,,,,,,,,,,
,,,,,,,,,,,,,,,,,,,,,,,,,,,,,,,,,,
,,,,,,,,,,,,,,,,,,,,,,,,,,,,,,,,,,
,,,,,,,,,,,,,,,,,,,,,,,,,,,,,,,,,,
,,,,,,,,,,,,,,,,,,,,,,,,,,,,,,,,,,
,,,,,,,,,,,,,,,,,,,,,,,,,,,,,,,,,,
,,,,,,,,,,,,,,,,,,,,,,,,,,,,,,,,,,
,,,,,,,,,,,,,,,,,,,,,,,,,,,,,,,,,,
,,,,,,,,,,,,,,,,,,,,,,,,,,,,,,,,,,
,,,,,,,,,,,,,,,,,,,,,,,,,,,,,,,,,,
,,,,,,,,,,,,,,,,,,,,,,,,,,,,,,,,,,
,,,,,,,,,,,,,,,,,,,,,,,,,,,,,,,,,,
,,,,,,,,,,,,,,,,,,,,,,,,,,,,,,,,,,
,,,,,,,,,,,,,,,,,,,,,,,,,,,,,,,,,,
